molecule_type,dna_region,accession,organism_name,voucher,country,type_material,isolate,strain,isolation_src,host,collection_date,collected_by,identified_by,taxid,title,authors,journal,defline,length,sequence
genomic DNA,"contains internal transcribed spacer 1, 5.8S ribosomal RNA, and internal transcribed spacer 2",MH260034.1,Lachnocladium cf. brasiliense,KM57848,Undefined,Undefined,Undefined,Undefined,Undefined,Unknown,Undefined,Undefined,Undefined,2173611,"Reclassification of Parapterulicium Corner (Pterulaceae, Agaricales), contributions to Lachnocladiaceae and Peniophoraceae (Russulales) and introduction of Baltazaria gen. nov.","Leal-Dutra,C.A., Neves,M.A., Griffith,G.W., Reck,M.A., Clasen,L.A. and Dentinger,B.T., Leal-Dutra,C.A., Dentinger,B.T. and Griffith,G.W.","MycoKeys 37, 39-56 (2018)","Lachnocladium cf. brasiliense voucher KM57848 clone 1 internal transcribed spacer 1, partial sequence; 5.8S ribosomal RNA gene, complete sequence; and internal transcribed spacer 2, partial sequence",696,CATTAATGAAAGTCTATAAAGCGTTTTGTTTTTAGAAAGGTTGTTGCTGGCAAGTCTTATTTGTATTTGTATTTGCATGTGCACACCTTTTCTTTTTTACATTACGTCTTTCTTTCTTATCCACCCCCTTTATTGTGAATCTTTGCGGGAGTTAGTAAGGGTCTTCTTTGCTTGGCCTTGAAAGCTAACGAATTTTTAAATCATATACTCATTTTGTAAGTCTATTATTGTATGTTACTATTTATTGCGTTAATTCGCATTAAAACTATTACAACTTTCAGCAACGGATCTCTTGGCTCTCGCATCGATGAAGAACGCAGCGAAATGCGATAACTAATGTGAATTGCAGAATTCAGTGAATCATCGAATCTTTGAACGCACCTTGCACCCCTTGGTATTCCGAGGGGTACACCTGTTTGAGTGTCATGAATTCCTCCAACTTCTTTAATTTTTATTAAAGAAAGTTTGGGACTTTGGGAGTTTTTTTTGCAGGTGATGACTCTTGTTGACATCTGCTCTCCTTAAATGTATTAGCAATAAAGACAACCATCTGTTAATTATTGTTGTCCCCTTTGGCATTGATAGGTTATCTATGCCTGCTTATTGTGGACTTTATTTAGCAGAATAAAGGGTTTGTTGTTGCTTCTAATCGTCTTTCTTTCAAAGACAAAGATTATATTATCTTGAACTTGACCT
genomic DNA,"contains internal transcribed spacer 1, 5.8S ribosomal RNA, and internal transcribed spacer 2",MH260035.1,Lachnocladium cf. brasiliense,KM57848,Undefined,Undefined,Undefined,Undefined,Undefined,Unknown,Undefined,Undefined,Undefined,2173611,"Reclassification of Parapterulicium Corner (Pterulaceae, Agaricales), contributions to Lachnocladiaceae and Peniophoraceae (Russulales) and introduction of Baltazaria gen. nov.","Leal-Dutra,C.A., Neves,M.A., Griffith,G.W., Reck,M.A., Clasen,L.A. and Dentinger,B.T., Leal-Dutra,C.A., Dentinger,B.T. and Griffith,G.W.","MycoKeys 37, 39-56 (2018)","Lachnocladium cf. brasiliense voucher KM57848 clone 2 internal transcribed spacer 1, partial sequence; 5.8S ribosomal RNA gene, complete sequence; and internal transcribed spacer 2, partial sequence",697,CATTAATGAAAGTCTATAAAGCGTTTTGTTTTTAGAAAGGTTGTTGCTGGCAAGTCTTATTTGTATTTGTATTTGCATGTGCACACCTTTTCTTTTTTACATTACGTCTTTCTTTCTTATCCACCCCCTTTATTGTGAATCTTTGCGGGGGTTAGTAAGGGTCTTCTTTGCTTGGCCTTGAAAGCTAACGAATTTTTAAATCATATACTCATTTTGTAAAGTCTATTATTGTATGTTACTATTTATTGCGTTAATTCGCATTAAAACTATTACAACTTTCAGCAACGGATCTCTTGGCTCTCGCATCGATGAAGAACGCAGCGAAATGCGATAACTAATGTGAATTGCAGAATTCAGTGAATCATCGAATCTTTGAACGCACCTTGCACCCCTTGGTATTCCGAGGGGTACACCTGTTTGAGTGTCRTGAAYTCCTCCAACTTCTTTAATTTTTATTAAAGAAAGTTTGGGACTTTGGGAGTTTTTTTTGCAGGTGATGACTCTTGTTGACATCTGCTCTCCTTAAATGTATTAGCAATAAAGACAACCATCTGTTAATTATTGTTGTCCCCTTTGGCATTGATAGGTTATCTATGCCTGCTTATTGTGGACTTTATTTAGCAGAATAAAGGGTTTGTTGTTGCTTCTAATCGTCTTTCTTTCAAAGACAAAGATTATATTATCTTGAACTTGACCT
genomic DNA,"contains internal transcribed spacer 1, 5.8S ribosomal RNA, and internal transcribed spacer 2",MH260036.1,Lachnocladium cf. brasiliense,KM57848,Undefined,Undefined,Undefined,Undefined,Undefined,Unknown,Undefined,Undefined,Undefined,2173611,"Reclassification of Parapterulicium Corner (Pterulaceae, Agaricales), contributions to Lachnocladiaceae and Peniophoraceae (Russulales) and introduction of Baltazaria gen. nov.","Leal-Dutra,C.A., Neves,M.A., Griffith,G.W., Reck,M.A., Clasen,L.A. and Dentinger,B.T., Leal-Dutra,C.A., Dentinger,B.T. and Griffith,G.W.","MycoKeys 37, 39-56 (2018)","Lachnocladium cf. brasiliense voucher KM57848 clone 3 internal transcribed spacer 1, partial sequence; 5.8S ribosomal RNA gene, complete sequence; and internal transcribed spacer 2, partial sequence",697,CATTAATGAAAGTCTATAAAGCGTTTTGTTTTTAGAAAGGTTGTTGCTGGCAAGTCTTATTTGTATTTGTATTTGCATGTGCACACCTTTTCTTTTTTACATTACGTCTTTCTTTCTTATCCACCCCCTTTATTGTGAATCTTTGCGGGAGTTAGTAAGGGTCTTCTTTGCTTGGCCTTGAAAGCTAACGAATTTTTAAATCATATACTCATTTTGTAAAGTCTATTATTGTATGTTACTATTTATTGCGTTAATTCGCATTAAAACTATTACAACTTTCAGCAACGGATCTCTTGGCTCTCGCATCGATGAAGAACGCAGCGAAATGCGATAAGTAATGTGAATTGCAGAATTCAGTGAATCATCGAATCTTTGAACGCACCTTGCACCCCTTGGTATTCCGAGGGGTACACCTGTTTGAGTGTCGTGAATTCCTCCAACTTCTTTAATTTTTATTAAAGAAAGTTTGGGACTTTGGGAGTTTTTTTTGCAGGTGATGACTCTTGTTGACATCTGCTCTCCTTAAATGTATTAGCAATAAAGACAACCATCTGTTAATTATTGTTGTCCCCTTTGGCATTGATAGGTTATCTATGCCTGCTTATTGTGGACTTTATTTAGCAGAATAAAGGGTTTGTTGTTGCTTCTAATCGTCTTTCTTTCAAAGACAAAGATTATATTATCTTGAACTTGACCT
genomic DNA,"contains internal transcribed spacer 1, 5.8S ribosomal RNA, and internal transcribed spacer 2",MH260037.1,Lachnocladium cf. brasiliense,CALD161213_01,Undefined,Undefined,Undefined,Undefined,Undefined,Unknown,Undefined,Undefined,Undefined,2173611,"Reclassification of Parapterulicium Corner (Pterulaceae, Agaricales), contributions to Lachnocladiaceae and Peniophoraceae (Russulales) and introduction of Baltazaria gen. nov.","Leal-Dutra,C.A., Neves,M.A., Griffith,G.W., Reck,M.A., Clasen,L.A. and Dentinger,B.T., Leal-Dutra,C.A., Dentinger,B.T. and Griffith,G.W.","MycoKeys 37, 39-56 (2018)","Lachnocladium cf. brasiliense voucher CALD161213_01 internal transcribed spacer 1, partial sequence; 5.8S ribosomal RNA gene, complete sequence; and internal transcribed spacer 2, partial sequence",692,CATTAATGAAAGTCTATAAAGCGTTTTGTTTTTTTAGAAAGGTTGTTGCTGGCAAGTCTTAATTGTATTTGCATGTGCACACCTTTTCTTTTTTTACATTACGTCTTTCTTTCTTATCCACCCCCTTTATTGTGAATCTTTGCGGGAGTTAGTAAGGGTCTTCTTTGCTTGGCCTTGAAAGCTAACGAATTTTTAAATMATATACTCATTTTGTAAAGTCTATTATTGTATGTTACTATTTATTGCGTTAATTCGCATTAAAACTATTACAACTTTCAGCAACGGATCTCTTGGCTCTCGCATCGATGAAGAACGCAGCGAAATGCGATAATTAATGTGAATTGCAGAATTCAGTGAATCATCGAATCTTTGAACGCACCTTGCACCCCTTGGTATTCCGAGGGGTACACCTGTTTGAGTGTCGTGAATTCCTCCAACTTCTTTAATTTTTATTAAAGAAAGTTTGGGACTTTGGGAGTTTTTTTTTTGCAGGTGATGACTCTTGTTGACATCTGCTCTCCTTAAATGTATTAGCAATAAAGACGACCATCTGTTAATTATTGTTGTCCCCTTTGGCATTGATAGGTTATCTATGCCTGCTTATTGTGGACTTTATTTAGCAGAATAAAGGGTTTGTTGTTGCTTCTAATCGTCTTTCTTTCAAAGACAAATATTATCTTTGAACTTGACCT
genomic DNA,large subunit ribosomal RNA,MH260052.1,Lachnocladium cf. brasiliense,KM57848,Undefined,Undefined,Undefined,Undefined,Undefined,Unknown,Undefined,Undefined,Undefined,2173611,"Reclassification of Parapterulicium Corner (Pterulaceae, Agaricales), contributions to Lachnocladiaceae and Peniophoraceae (Russulales) and introduction of Baltazaria gen. nov.","Leal-Dutra,C.A., Neves,M.A., Griffith,G.W., Reck,M.A., Clasen,L.A. and Dentinger,B.T., Leal-Dutra,C.A., Dentinger,B.T. and Griffith,G.W.","MycoKeys 37, 39-56 (2018)","Lachnocladium cf. brasiliense voucher KM57848 clone 1 large subunit ribosomal RNA gene, partial sequence",832,GGATTCCCCTAGTAACTGCGAGTGAAGCGGGAAGAGCTCAAATTTAAAATCTGGCGGTTTTGCCGTCCGAGTTGTAATTTAGAGAAGCATTTTCCGCGTCGGACCGTGTACAAGTCTCCTGGAACGGAGCGTCATAGAGGGTGAGAATCCCGTCTTTGACACGGACTACCGAGGCTTTGTGATATGCTCTCAAAGAGTCGAGTTGTTTGGGAATGCAGCTCAAAATGGGTGGTGAACTCCATCTAAAGCTAAATATTGGCGAGAGACCGATAGCGAACAAGTACCGTGAGGGAAAGATGAAAAGCACTTTGGAAAGAGAGTGAAACAGTACGTGAAATTGCTGAAAGGGAAACGCTTGAAGTCAGTCGCATCTACCAGAATTCAGCCTTTGTGGTGTACTTTCTGGTTGGATGGGCCAGCATCACTTTTGGTCATTGGAAAAGGGTAGGGGAAAGGTGGCACCTATTTGGGTGTGTTATAGTCCTCTGCCATATACAGTGGCTGGGAGTGAGGAATGCCTTTTTTTGTAGGATGCTTGGCGTAATGGCTTTAAACGACCCGTCTTGAAACACGGACCAAGGAGTCTAACATGCCCGCGAGTGTTCGGGTGGTTAAAACCCGTGCGCGTAATGAAAGTGAAAGTTGGGAAGGCTGTCATGGCCTGCACTGACGCCCGGACTTGAGATTTATCGACGGTTCTGCGGTAGAGCGTGTATGTTGGGACCCGAGAGATGGTGAACTATGCCTGAATAGGGTGAAGCCAGAGGAAACTCTGGTGGAGGCTCGTAGCGATTCTGACGTGCAAATCGATCGTCAAATTTGGGTATAGGGG
genomic DNA,large subunit ribosomal RNA,MH260053.1,Lachnocladium cf. brasiliense,KM57848,Undefined,Undefined,Undefined,Undefined,Undefined,Unknown,Undefined,Undefined,Undefined,2173611,"Reclassification of Parapterulicium Corner (Pterulaceae, Agaricales), contributions to Lachnocladiaceae and Peniophoraceae (Russulales) and introduction of Baltazaria gen. nov.","Leal-Dutra,C.A., Neves,M.A., Griffith,G.W., Reck,M.A., Clasen,L.A. and Dentinger,B.T., Leal-Dutra,C.A., Dentinger,B.T. and Griffith,G.W.","MycoKeys 37, 39-56 (2018)","Lachnocladium cf. brasiliense voucher KM57848 clone 2 large subunit ribosomal RNA gene, partial sequence",793,GGATTCCCCTAGTAACTGCGAGTGAAGCGGGAAGAGCTCAAATTTAAAATCTGGCGGTTTTGCCGTCCGAGTTGTAATTTAGAGAAGCATTTTCCGCGTCGGACCGTGTACAAGTCTCCTGGAACGGAGCGTCATAGAGGGTGAGAATCCCGTCTTTGACACGGACTACCGAGGCTTTGTGATATGCTCTCAAAGAGTCGAGTTGTTTGGGAATGCAGCTCAAAATGGGTGGTGAACTCCATCTAAAGCTAAATATTGGCGAGAGACCGATAGCGAACAAGTACCGTGAGGGAAAGATGAAAAGCACTTTGGAAAGAGAGTGAAACAGTACGTGAAATTGCTGAAAGGGAAACGCTTGAAGTCAGTCGCATCTACCAGAATTCAGCCTTTGTGGTGTACTTTCTGGTTGGATGGGCCAGCATCACTTTTGGTCATTGGAAAAGGGTAGGGGAAAGGTGGCACCTATTTGGGTGTGTTATAGTCCTCTGCCATATACAGTGGCTGGGAGTGAGGAATGCCTTTTTTTGTAGGATGCTTGGCGTAATGGCTTTAAACGACCCGTCTTGAAACACGGACCAAGGAGTCTAACATGCCCGCGAGTGTTCGGGTGGTTAAAACCCGTGCGCGTAATGAAAGTGAAAGTTGGGAAGGCTGTCATGGCCTGCACTGACGCCCGGACTTGAGATTTATCGACGGTTCTGCGGTAGAGCGTGTATGTTGGGACCCGAAAGATGGTGAACTATGCCTGAATAGGGTGAAGCCAGAGGAAACTCTGGTGGAGCTCGTAGCGATT
genomic DNA,large subunit ribosomal RNA,MH260054.1,Lachnocladium cf. brasiliense,KM57848,Undefined,Undefined,Undefined,Undefined,Undefined,Unknown,Undefined,Undefined,Undefined,2173611,"Reclassification of Parapterulicium Corner (Pterulaceae, Agaricales), contributions to Lachnocladiaceae and Peniophoraceae (Russulales) and introduction of Baltazaria gen. nov.","Leal-Dutra,C.A., Neves,M.A., Griffith,G.W., Reck,M.A., Clasen,L.A. and Dentinger,B.T., Leal-Dutra,C.A., Dentinger,B.T. and Griffith,G.W.","MycoKeys 37, 39-56 (2018)","Lachnocladium cf. brasiliense voucher KM57848 clone 3 large subunit ribosomal RNA gene, partial sequence",831,GGATTCCCCTAGTAACTGCGAGTGAAGCGGGAAGAGCTCAAATTTAAAATCTGGCGGTTTTGCCGTCCGAGTTGTAATTTAGAGAAGCATTTTCCGCGTCGGACCGTGTACAAGTCTCCTGGAACGGAGCGTCATAGAGGGTGAGAATCCCGTCTTTGACACGGACTACCGAGACTTTGTGATATGCTCTCAAAGAGTCGAGTTGTTTGGGAATGCAGCTCAAAATGGGTGGTGAACTCCATCTAAAGCTAAATATTGGCGAGAGACCGATAGCGAACAAGTACCGTGAGGGAAAGATGAAAAGCACTTTGGAAAGAGAGTGAAACAGTACGTGAAATTGCTGAAAGGGAAACGCTTGAAGTCAGTCACATCTACCAGAATTCAGCCTTTGTGGTGTACTTTCTGGTTGGATGGGCCAGCATCACTTTTGGTCATTGGAAAAGGGTAGGGGAAAGGTGGCACCTATTTGGGTGTGTTATAGTCCTCTGCCATATACAGTGGCTGGGAGTGAGGAATGCCTTTTTTTGTAGGATGCTTGGCGTAATGGCTTTAAACGACCCGTCTTGAAACACGGACCAAGGAGTCTAACATGCCCGCGAGTGTTCGGGTGGTTAAACCCGTGCGCGTAATGAAAGTGAAAGTTGGGAAGGCTGTCATGGCCTGCACTGACGCCCGGACTTGAGATTTATCGACGGTTCTGCGGTAGAGCGTGTATGTTGGGACCCGAAAGATGGTGAACTATGCCTGAATAGGGTGAAGCCAGAGGAAACTCTGGTGGAGGCTCGTAGCGATTCTGACGTGCAAATCGATCGTCAAATTTGGGTATAGGGG
genomic DNA,large subunit ribosomal RNA,MH260055.1,Lachnocladium cf. brasiliense,CALD161213_01,Undefined,Undefined,Undefined,Undefined,Undefined,Unknown,Undefined,Undefined,Undefined,2173611,"Reclassification of Parapterulicium Corner (Pterulaceae, Agaricales), contributions to Lachnocladiaceae and Peniophoraceae (Russulales) and introduction of Baltazaria gen. nov.","Leal-Dutra,C.A., Neves,M.A., Griffith,G.W., Reck,M.A., Clasen,L.A. and Dentinger,B.T., Leal-Dutra,C.A., Dentinger,B.T. and Griffith,G.W.","MycoKeys 37, 39-56 (2018)","Lachnocladium cf. brasiliense voucher CALD161213_01 large subunit ribosomal RNA gene, partial sequence",833,GGATTCCCCTAGTAACTGCGAGTGAAGCGGGAAGAGCTCAAATTTAAAATCTGGCGGTTTTGCCGTCCGAGTTGTAATTTAGAGAAGCATTTTCCGCGTCGGACCGTGTACAAGTCTCCTGGAACGGAGCGTCATAGAGGGTGAGAATCCCGTCTTTGACACGGACTACCGAGGCTTTGTGATATGCTCTCAAAGAGTCGAGTTGTTTGGGAATGCAGCTCAAAATGGGTGGTGAACTCCATCTAAAGCTAAATATTGGCGAGAGACCGATAGCGAACAAGTACCGTGAGGGAAAGATGAAAAGCACTTTGGAAAGAGAGTGAAACAGTACGTGAAATTGCTGAAAGGGAAACGCTTGAAGTCAGTCGCATCTACCAGAATTCAGCCTTTGTGGTGTACTTTCTGGTTGGATGGGCCAGCATCACTTTTGGTCATTGGAAAAGGGTAGGGGAAAGGTGGCACCCTTTGGGTGTGTTATAGTCCTCTGCCATATACAGTGGCTGGGAGTGAGGAATGCCTTTTATTTTGTAGGATGCTTGGCGTAATGGCTTTAAACGACCCGTCTTGAAACACGGACCAAGGAGTCTAACATGCCCGCGAGTGTTCGGGTGGTTAAAACCCGTGCGCGTAATGAAAGTGAAAGTTGGGAAGGCTGTCATGGCCTGCACTGACGCCCGGACTTGAGATTTATCGACGGTTCTGCGGTAGAGCGTGTATGTTGGGACCCGAAAGATGGTGAACTATGCCTGAATAGGGTGAAGCCAGAGGAAACTCTGGTGGAGGCTCGTAGCGATTCTGACGTGCAAATCGATCGTCAAATTTGGGTATAGGGG
genomic DNA,"contains internal transcribed spacer 1, 5.8S ribosomal RNA and internal transcribed spacer 2",KC348469.1,Lachnocladium schweinfurthianum,URM 84267,"Brazil: Mata Alantica Rain Forest, Pernambuco",Undefined,Undefined,Undefined,basidioma,Unknown,Undefined,L. Araujo Neta,"L. Araujo Neta,T. Gibertoni",1290959,Species of Basidiomycota in Pernambuco,"Araujo Neta,L., Silva,G. and Gibertoni,T., Araujo Neta,L., Silva,G. and Gibertoni,T.",Unpublished,"Lachnocladium schweinfurthianum voucher URM 84267 internal transcribed spacer 1, partial sequence; 5.8S ribosomal RNA gene, complete sequence; and internal transcribed spacer 2, partial sequence",640,GGTTGTTGCTGGCAAGTCTTAATTGTATTTGCATGTGYACACCTTTTCTTTTTTTACTTACGTCTTTCTTTCTTATCCACCCCCTTTATTGTGAATCTTTGCGGGAGTTAGTAAGGGTCTTCTTTGCTTGGCCTTGAAAGCTAACGAATTTTTAAATCATATACTCATTTTGTAAAGTCTATTATTGTATGTTACTATTTATTGCGTTAATTCGCATTAAAACTATTACAACTTTCAGCAACGGATCTCTTGGCTCTCGCATCGATGAAGAACGCAGCGAAATGCGATAATTAATGTGAATTGCAGAATTCAGTGAATCATCGAATCTTTGAACGCACCTTGCACCCCTTGGTATTCCGAGGGGTACACCTGTTTGAGTGTCGTGAATTCCTCCDACTTCTTTAATTTTTATTAAAGAAAGTTTGGGACTTTGGGAGTTTTTTTTTTGCAGGTGATGACTCTTGTTGACATCTGCTCTCCTTAAATGTATTAGCAATAAAGACGACCATCTGTTAATTATTGTTGTCCCCTTTGGCATTGATAGGTTATCTATGCCTGCTTATTGTGGACTTTATTTAGCAGAATAAAGGGTTTGTTGTTRCTTCTAATCGTCTTTCTTTCAAAGACAAATATTATCTTG
genomic DNA,"contains internal transcribed spacer 1, 5.8S ribosomal RNA, and internal transcribed spacer 2",MH260033.1,Lachnocladium schweinfurthianum,KM49740,Undefined,Undefined,Undefined,Undefined,Undefined,Unknown,Undefined,Undefined,Undefined,1290959,"Reclassification of Parapterulicium Corner (Pterulaceae, Agaricales), contributions to Lachnocladiaceae and Peniophoraceae (Russulales) and introduction of Baltazaria gen. nov.","Leal-Dutra,C.A., Neves,M.A., Griffith,G.W., Reck,M.A., Clasen,L.A. and Dentinger,B.T., Leal-Dutra,C.A., Dentinger,B.T. and Griffith,G.W.","MycoKeys 37, 39-56 (2018)","Lachnocladium schweinfurthianum voucher KM49740 internal transcribed spacer 1, partial sequence; 5.8S ribosomal RNA gene, complete sequence; and internal transcribed spacer 2, partial sequence",690,CATTAGTTGTTGCTGGCTTCTATCCCTCTCTCTGCCCTGCCTTCCCGGTGGGGTGTGAAGGGTGTGTGGGGCATATTTATAAGTGCACACTTGTGTTGCGTCTTTCTTCTATTCCAACCCCTTATGTGAACCATTAGCGGGAGCTAGTAAAGGGGTTTCTTATAATCCCTTGAACACTCGCGATATTCTTATTATAATACTCCTTTTGTTAAAGTCTATTGTATGTCCACCTTTTTGCGTTAACTCGCATGAAATACAACTTTCAGCAACGGATCTCTTGGCTCTCGCATCGATGAAGAACGCAGCGAAATGCGATAAGTAATGTGAATTGCAGAATTCAGTGAATCATCGAATCTTTGAACGCACCTTGCACCCCTTGGTATTCCGAGGGGTACACCTGTTTGAGTGTCGTGAATTCCTCCATCTTCTTAATATTTTATTATTATTGAGAAGCTTGGGATAATGGGAGATTTATTTGCAGGTTTGAAAAAGGATCTGCTCTCCTTGAATGCATTAGCAATAAAGCCTAACCCTCTGTTAATATTGTGGCCTCGGCATTGATAGATTATCTATGCCCCTTGGCTTATTAACAGGGAGAAAGGTGATATTGCTTCAAATTGTCTTTGGACAATTGTGTGTTGTTGTTGTTTAATACTACTACTACTATACACACATCTTTGAACTTGACCT
genomic DNA,large subunit ribosomal RNA,MH260051.1,Lachnocladium schweinfurthianum,KM49740,Undefined,Undefined,Undefined,Undefined,Undefined,Unknown,Undefined,Undefined,Undefined,1290959,"Reclassification of Parapterulicium Corner (Pterulaceae, Agaricales), contributions to Lachnocladiaceae and Peniophoraceae (Russulales) and introduction of Baltazaria gen. nov.","Leal-Dutra,C.A., Neves,M.A., Griffith,G.W., Reck,M.A., Clasen,L.A. and Dentinger,B.T., Leal-Dutra,C.A., Dentinger,B.T. and Griffith,G.W.","MycoKeys 37, 39-56 (2018)","Lachnocladium schweinfurthianum voucher KM49740 clone 1 large subunit ribosomal RNA gene, partial sequence",829,GGATTCCCCTAGTAACTGCGAGTGAAGCGGGAAGAGCTCAAATTTAAAATCTGATAGCTTTTAGCTGTCCGAGTTGTAATTTAGAGAAGCATTTTCCGCGTCGGACCGTGTACAAGTCTCCTGGAATGGAGCGTCATAGAGGGTGAGAATCCCGTCTTTGACACGGACTACCGGGGCTCTGTGATATGCTCTCAAAGAGTCGAGTTGTTTGGGAATGCAGCTCAAAATGGGTGGTGAACTCCATCTAAAGCTAAATATTGGCGAGAGACCGATAGCGAACAAGTACCGTGAGGGAAAGATGAAAAGCACTTTGGAAAGAGAGTGAAACAGTACGTGAAATTGCTGAAAGGGAAACGCTTGAAGTCAGTCGCATCTGCCAGAATTCAGCCTTTGTGGTGTACTTTCTGGTGTGATGGGCCAGCATCACTTTTTGGTCGTCGGAAAAGGGCAGGGGAAAGGTGGCACCTTCGGGTGTGTTATAGTCCCTTGTCGTATACGGTGGCTGGGAGTGAGGAATGCCTTTGTTGCAGGATGCTGGCATAATGGCTTTAAACGACCCGTCTTGAAACACGGACCAAGGAGTCTAACATGCCCGCGAGTGTTCGGGTGGAAAACCCGTGCGCGTAATGAAAGTGAAAGTTGGGAAGGCTGTCATGGCCTGCACCGACGCCCGGACCTGAGATTTATCGACGGTTCTGCGGTAGAGCGTGTATGTTGGGACCCGAAAGGTGGTGAACTATGCCTGAATAGGGTGAAGCCAGAGGAAACTCTGGTGGAGGCTCGTAGCGATTCTGACGTGCAAATCGATCGTCAAATTTGGGTATAGGGG
genomic DNA,contains small subunit ribosomal RNA and internal transcribed spacer 1,MK546809.1,Lachnocladium sp.,GG-GUY-12-145,French Guiana,Undefined,Undefined,Undefined,Undefined,Unknown,24-Jun-2012,G. Gruhn,G. Gruhn,2528358,"Fungi of French Guiana: an online dataset to gather taxonomic, environmental and molecular data","Jaouen,G., Sagne,A., Buyck,B., Decock,C., Louisanna,E., Manzi,S., Baraloto,C., Roy,M. and Schimann,H., Schimann,H. and Roy,M.",Unpublished,"Lachnocladium sp. voucher GG-GUY-12-145 small subunit ribosomal RNA gene and internal transcribed spacer 1, partial sequence",209,TTTCCGTAGGTGAACCTGCGGAAGGATCATTAAAGAAACCGTCGAGGAGTGGCTCTAAACCGGCCCTTCTCGCTCTTTCCATCTACCCCTTTGTGCACCTTTGCGTGGACCAGTACGGGCTGCCTATGCGCGGCTCGGAACGTTCGCGTTTTTATCATATACCCTTTAGAAAGTCTCAGGATGTACCTTGCGTTTACTCGCATAAATAC
genomic DNA,contains small subunit ribosomal RNA and internal transcribed spacer 1,MZ264407.1,Lachnocladium sp.,RC-MART-10-038,Martinique: Le Francois; Pointe Bateau,Undefined,Undefined,Undefined,foret mesophile,unknown,26-Aug-2010,R. Courtecuisse,R. Courtecuisse,2528358,"Fungi of French Guiana gathered in a taxonomic, environmental and molecular dataset","Jaouen,G., Sagne,A., Buyck,B., Decock,C., Louisanna,E., Manzi,S., Baraloto,C., Roy,M. and Schimann,H., Schimann,H.","Sci Data 6 (1), 206 (2019)","Lachnocladium sp. voucher RC-MART-10-038 small subunit ribosomal RNA gene and internal transcribed spacer 1, partial sequence",258,TTTCCGTAGGTGAACCTGCGGAAGGATCATTAATGAAAGTTAAAACGTTGCATTGGGTTGTTGCTGGCCCCCCTTATTGGGGGGCATATGTGCACACTTGTGTTGCGTCTTTCTTCTATCTCACCCCTTTTATGTGAACCTTTCGGGAGCTAGTAGGGGCAATGTATTTATTGATTGCCTTGAAAGTTCTCATATCATATACACCTTTTGTAAAGTCTATTGTATGTCATTTTTTTTGCATTAATTTGCATGAAATAC
genomic DNA,"contains internal transcribed spacer 1, 5.8S ribosomal RNA, and internal transcribed spacer 2",OP580229.1,Lachnocladium sp.,ARF-4670,USA: Florida,Undefined,Undefined,Undefined,fruiting body,Unknown,Undefined,Alan R Franck,Undefined,2528358,Biodiversity of Florida Fungi,"Smith,M.E., Willis,C., Franck,A. and Kaminsky,L., Smith,M.E., Willis,C., Franck,A. and Kaminsky,L.",Unpublished,"Lachnocladium sp. voucher ARF-4670 internal transcribed spacer 1, partial sequence; 5.8S ribosomal RNA gene, complete sequence; and internal transcribed spacer 2, partial sequence",543,ATGTGCACACTTGTGTTGCGTCTTTCTTCTATCTCACCCCTTTTATGTGAACCTTTCGGGANCTAGTAGGGGCAATGTATNNTTGATTGCCTTGAAAGTTCTCATATCATATACACCTTTTGTAAAGTCTATTGTATGTCATTTTTTTTGCATTAATTTGCATGAAATACAACTTTCAGCAACGGATCTCTTGGCTCTCGCATCGATGAAGAACGCAGCGAAATGCGATAAGTAATGTGAATTGCAGAATTCAGTGAATCATCGAATCTTTGAACGCACCTTGCACCCCTTGGTATTCCGAGGGGTACACCTGTTTGAGTGTCGTGAATTCCTCCATCTTCTTAATTTGTTGTTAAGAAGCTTTGGGACTTTGGGAGTCTTTGCAGGTTTGAAAAAAATCTGCTCTCCTTGAATGCATTAGCAAATAAAAGCCTCTGTTAAATTAAATGTGGCCCTGGCATTGATAGATATCTATGCATCTTGGCTTTTAGCAGAGATAAGACTTGCTTCAAATTGTCTTTTAGACAAAGATACCATTTGAAC
genomic DNA,"contains small subunit ribosomal RNA, internal transcribed spacer 1, 5.8S ribosomal RNA, and internal transcribed spacer 2",OP580230.1,Lachnocladium sp.,ARF-4928,USA: Florida,Undefined,Undefined,Undefined,fruiting body,Unknown,Undefined,Alan R Franck,Undefined,2528358,Biodiversity of Florida Fungi,"Smith,M.E., Willis,C., Franck,A. and Kaminsky,L., Smith,M.E., Willis,C., Franck,A. and Kaminsky,L.",Unpublished,"Lachnocladium sp. voucher ARF-4928 small subunit ribosomal RNA gene, partial sequence; internal transcribed spacer 1 and 5.8S ribosomal RNA gene, complete sequence; and internal transcribed spacer 2, partial sequence",656,CCAGATAAGGTTCGTAGGTGACCTGCGGAAGGATCATTAATGAAAGTTAAAACGTGGCATTGGGTTGTTGCTGGCCCCCTTATTGGGGGGGCATATGTGCACACTTGGGTTGCGTCTTTCTTCTATCTCACCCCTTTTATGTGAACCTTTCGGGAGCTAGTAGGGGCAATGTATTATTGATTGCCTTGAAAGTTCTCATATCATATACMCCTTTTGTAAAGTYTATTGTATGTCATTTTTTTTTGCATTAATTTGCATGAAATACAACTTTCAGCAACGGATCTCTTGGCTCTCGCATCGATGAAGAACGCAGCGAAATGCGATAAGTAATGTGAATTGCARAATTCAGTGAATCATCRAATCTTTGAACGCMCCTTGCMCCCCTTGGTATTCCGAGGGGYACACCTGTTTGAGTGTCGWGAATTCCTCCATCTTCTTAATTTGTTGTTAARAAGCTTTGGGACTTTGGGAGTCTTTGCAGGTTTGAAAAAAATCTGCTCTCCTTGAATGCATTARCAAATAAAAGCCTCTGTTAAATTAAATGKGGCCCTGGCATTGATAGATATCTATGCATCTTGGCTTTTAGCAGAGATAAGACTTGCTTCAAATTGTCTTTTTAGACAAAGATACCATTTTGAACTTGACCTCAGATCAGG
genomic DNA,25S ribosomal RNA,DQ154110.1,Lachnocladium sp. BK171002-23,Undefined,Undefined,Undefined,AFTOL-ID 1556,BK171002-23,Undefined,Unknown,Undefined,Undefined,Undefined,341460,Assembling the Fungal Tree of Life,"Curtis,J.M., Matheny,P.B., Kropp,B.R. and Hibbett,D.S., Curtis,J.M., Matheny,P.B., Kropp,B.R. and Hibbett,D.S.",Unpublished,"Lachnocladium sp. BK171002-23 isolate AFTOL-ID 1556 25S ribosomal RNA gene, partial sequence",1410,TGTACCCGCTGAACTTAAGCATATCAATAAGCGGAGGAAAAGAAACTAACAAGGATTCCCCTAGTAACTGCGAGTGAAGCGGGAAGAGCTCAAATTTAAAATCTGGCGGTTTTGCCGTCCGAGTTGTAATTTAGAGAAGCATTTTCCGCGTCGGACCGTGTACAAGTCTCCTGGAACGGAGCGTCATAGAGGGTGAGAATCCCGTCTTTGACACGGACTACCGAGGCTTTGTGATATGCTCTCAAAGAGTCGAGTTGTTTGGGAATGCAGCTCAAAATGGGTGGTGAACTCCATCTAAAGCTAAATATTGGCGAGAGACCGATAGCGAACAAGTACCGTGAGGGAAAGATGAAAAGCACTTTGGAAAGAGAGTGAAACAGTACGTGAAATTGCTGAAAGGGAAACGCTTGAAGTCAGTCGCATCTACCAGAATTCAGCCTTTGTGGTGTACTTTCTGGTTGGATGGGCCAGCATCACTTTTGGTCATTGGAAAAGGGTAGGGGAAAGGTGGCACCCTTTGGGTGTGTTATAGTCCTCTGCCATATACAGTGGCTGGGAGTGAGGAATGCCTTTTTTGTAGGATGCTTGGCGTAATGGCTTTAAACGACCCGTCTTGAAACACGGACCAAGGAGTCTAACATGCCCGCGAGTGTTCGGGTGGTTAAAACCCGTGCGCGTAATGAAAGTGAAAGTTGGGAAGGCTGTCATGGCCTGCACTGACGCCCGGACTTGAGATTTATCGACGGTTCTGCGGTAGAGCGTGTATGTTGGGACCCGAAAGATGGTGAACTATGCCTGAATAGGGTGAAGCCAGAGGAAACTCTGGTGGAGGCTCGTAGCGATTCTGACGTGCAAATCGATCGTCAAATTTGGGTATAGGGGCGAAAGACTAATCGAACCATCTAGTAGCTGGTTCCTGCCGAAGTTTCCCTCAGGATAGCAGAAACTCATGTCAGATTTATGTGGTAAAGCGAATGATTAGAGGCCTTGGGGTTGAAACAACCTTAACCTATTCTCAAACTTTAAATATGTAAGAACGAGCCGTCACTTGATTGGACCGCTCGGTGATTGAGAGTTTCTAGTGGGCCATTTTTGGTAAGCAGAACTGGCGATGCGGGATGAACCGAACGGGAGGTTAAGGTGCCGGAATCTACGCTCATCAGACACCACAAAAGGTGTTAGTTCATCTAGACAGCAGGACGGTGGCCATGGAAGTCGGAACCCGCTAAGGAGTGTGTAACAACTCACCTGCCGAATGAACTAGCCCTGAAAATGGATGGCGCTCAAGCGTAGTACCCATACCTCCCCCTGGGCGTTGAAGTGACGCGCCCAGGAGTAGGCAGGCGTGGAGGTTAAGTGAAGAAGCCTAGGCAGTGATGCTGGGTGAAACAGCCTCTAGTGCAGATCTTG
genomic DNA,"18S ribosomal RNA, internal transcribed spacer 1, 5.8S ribosomal RNA, internal transcribed spacer 2",DQ192176.1,Lachnocladium sp. BK171002-23,BK171002-23 (UTC) Belize,Undefined,Undefined,AFTOL-ID 1556,Undefined,Undefined,Unknown,Undefined,Undefined,Undefined,341460,Assembling the Fungal Tree of Life,"Matheny,P.B. and Hibbett,D.S., Curtis,J.M., Matheny,P.B., Kropp,B.R. and Hibbett,D.S.",Unpublished,"Lachnocladium sp. BK171002-23 18S ribosomal RNA gene, partial sequence; internal transcribed spacer 1 and 5.8S ribosomal RNA gene, complete sequence; and internal transcribed spacer 2, partial sequence",540,TTTAGAGGAAGTAAAAGTCGTAACAAGGTTTCCGTAGGTGAACCTGCGGAAGGATCATTAATGAAAGTCTATAAAGCGTTTTGTTTTTAGAAAGGTTGTTGCTGGCAAGTCTTAATTGTATTTGCATGTGCACACCTTTTCTTTTTTTACATTACGTCTTTCTTTCTTATCCACCCCCTTTATTGTGAATCTTTGCGGGAGTTAGTAAGGGTCTTCTTTGATTGGCCTTGAAAGCTAACGAACTTTTTAATCATATACTCATTTTGTAAAGTCTATTATTGTATGTTACTATTTATTGCGTTAATTCGCATTAAAACTATTACAACTTTCAGCAACGGATCTCTTGGCTCTCGCATCGATGAAGAACGCAGCGAAATGCGATAACTAATGTGAATTGCAGAATTCAGTGAATCATCGAATCTTTGAACGCACCTTGCACCCCTTGGTATTCCGAGGGGTACACCTGTTTGAGTGTCGTGAATTCCTCCAACTTCTTTAATTTTTATTAAAGAAAGTTTGGGACTTTGGGAGTTTTTTTTT
genomic DNA,18S small subunit ribosomal RNA,DQ457625.1,Lachnocladium sp. BK171002-23,BK171002-23,Belize,Undefined,AFTOL-ID 1556,Undefined,Undefined,Unknown,Undefined,Undefined,Undefined,341460,Major clades of Agaricales: a multilocus phylogenetic overview,"Matheny,P.B., Curtis,J.M., Hofstetter,V., Aime,M.C., Moncalvo,J.M., Ge,Z.W., Slot,J.C., Ammirati,J.F., Baroni,T.J., Bougher,N.L., Hughes,K.W., Lodge,D.J., Kerrigan,R.W., Seidl,M.T., Aanen,D.K., DeNitis,M., Daniele,G.M., Desjardin,D.E., Kropp,B.R., Norvell,L.L., Parker,A., Vellinga,E.C., Vilgalys,R. and Hibbett,D.S., Matheny,P.B., Curtis,J.M., Kropp,B.R. and Hibbett,D.S.","Mycologia 98 (6), 982-995 (2006)","Lachnocladium sp. BK171002-23 18S small subunit ribosomal RNA gene, partial sequence",1792,TCCAAGCTTGAATTCGTAGTCATATGCTTGTCTCAAAGATTAAGCCATGCATGTCTAAGTATAACCACGTTTGTACTGGGAAACTGCGAATGGCTCATTAAATCAGTTATAGTTTATTTGATGGTCCCTTGCTACATGGATAACTGTGGTAATTCTAGAGCTAATACATGCAATCAAGCCCCGACTTCTGGGAGGGGTGTATTTATTAGATAAAAAACCAACGCGGCTCGCCGCTCGTTTGGTGATTCATAATAACTTCTCGAATCGCATGGCCTTGTGCCGGCGATGCTTCATTCAAATATCTGCCCTATCAACTTTCGATGGTAGGATAGAGGCCTACCATGGTTTCAACGGGTAACGGGGAATAAGGGTTCGATTCCGGAGAGGGAGCCTGAGAAACGGCTACCACATCCAAGGAAGGCAGCAGGCGCGCAAATTACCCAATCCCGACACGGGGAGGTAGTGACAATAAATAACAATACAGGGCTCTTTTGGGTCCTGTAATTGGAATGAGTACAATTTAAATCCCATAACGAGGAACAATTGGAGGGCAAGTCTGGTGCCAGCAGCCGCGGTAATTCCAGCTCCAATAGCGTATATTAAAGTTGTTGCAGTTAAAAAGCTCGTAGTTGAACTTCAGGCCTGGACGGGCGGTCCGCCTAACGGTGTGTACTGTCTGGCTGGGTCTTACCTCTTGGTGAACCGGCATGCCCTTCACTGGGTGTGTTGGGGAACCAGGACCTTTACCTTGAGAAAATTAGAGTGTTCAAAGCAGGCCTATGCCTGAATACATTAGCATGGAATAATAGAATAGGACGCGCGGTCCTATTTTGTTGGTTTCTAGGATCGCCGTAATGATCAATAGGGACAGTTGGGGGCATTCGTATTGCGTCGCTAGAGGTGAAATTCTTGGATTGACGCAAGACGAACTACTGCGAAAGCATTTGCCAAGGATGTTTTCATTAATCAAGAACGAAGGTTAGGGGATCGAAAACGATCAGATACCGTTGTAGTCTTAACAGTAAACTATGCCGACTGGGGATCGGACGACCTCGAATTTATGTGTCGTTCGGCACCCTACGAGAAATCAAAGTCTTTGGGTTCTGGGGGGAGTATGGTCGCAAGGCTGAAACTTAAAGGAATTGACGGAAGGGCACCACCAGGAGTGGAGCCTGCGGCTTAATTTGACTCAACACGGGGAAACTCACCAGGTCCAGACATAACTAGGATTGACAGATTGATAGCTCTTTCTTGATTTTATGGGTGGTGGTGCATGGCCGTTCTTAGTTGGTGGAGTGATTTGTCTGGTTAATTCCGATAACGAACGAGACCTTAACCTGCTAAATAGCCCGACTGGCTTTTGCTGGTTGTTGGCTTCTTAGAGGGACTGTCGGCGTCTAGCCGACGGAAGTTTGAGGCAATAACAGGTCTGTGATGCCCTTAGATGTTCTGGGCCGCACGCGCGCTACACTGATGGAGCCAGCGAGTTTTTTTTCCTTGGCCGGAAGGTCTGGGTAATCTTGTGAAACTCCATCGTGCTGGGGATAGAGCATTGCAATTATTGCTCTTCAACGAGGAATTCCTAGTAAGCGTGAGTCATCAGCTCGCGTTGATTACGTCCCTGCCCTTTGTACACACCGCCCGTCGCTACTACCGATTGAATGGCTTAGTGAGACCTCCGGATTGGCTTCGGGGAGCCGGCAACGGCACCCTGTCGTTGAGAAGCTGGTCAAACTTGGTCATTTAGAGGAAGTAAAAGTCGTAACAAGGTTTCCGTAGGTGAACCTGCGGA
genomic DNA,"5.8S ribosomal RNA, internal transcribed spacer 2, 28S ribosomal RNA",AF506461.1,Lachnocladium sp. KHL10556,Undefined,Undefined,Undefined,Undefined,KHL10556,Undefined,Unknown,Undefined,Undefined,Undefined,205775,Phylogenetic relationships of russuloid basidiomycetes with emphasis on aphyllophoralean taxa,"Larsson,E. and Larsson,K.H., Larsson,K.H., Larsson,E. and Koljalg,U., Larsson,E. and Larsson,K.-H.","Mycologia 95 (6), 1037-1065 (2003)","Lachnocladium sp. KHL10556 5.8S ribosomal RNA gene, partial sequence; internal transcribed spacer 2, complete sequence; and 28S ribosomal RNA gene, partial sequence",1245,GATAAGTAATGTGAATTGCAGAATTCAGTGAATCATCGAATCTTTGAACGCACCTTGCACCCCTTGGTATTCCGAGGGGTACACCTGTTTGAGTGTCGTGAATTCCTCCATCTTCTTAATTTGTTGTTAAGAAGCTTTGGGACTTTGGGAGTCTTTGCAGGTTTGAAAAAAATCTGCTCTCCTTGAATGCATTAGCAAATAAAAGCCTCTGTTAAATTAAATGTGGCCCTGGCATTGATAGATATCTATGCATCTTGGCTTTTAGCAGAGATAAGACTTGCTTCAAATTGTCTTTTTAGACAAAGATACCATTTTGAACTTGACCTCAGATCAGGTGGGATTAMCCGCTGAACYTAAGCATATCAATAAGCGGRGGAAAAGAAATTAACAAGGATTCCCCTAGTAACTGCGAGTGAAGCGGGAAGAGCTCAAATTTAAAATCTGGCAGCTTTGCTGTCCGAGTTGTAATTTAGAGAAGCATTTTCCGCGTCGGACCGTGTACAAGTCTCCTGGAACGGAGCGTCATAGAGGGTGAGAATCCCGTCTTTGACACGGACTACCGGGGCTCTGTGATATGCTCTCAAAGAGTCGAGTTGTTTGGGAATGCAGCTCAAAATGGGTGGTGAACTCCATCTAAAGCTAAATATTGGCGAGAGACCGATAGCGAACAAGTACCGTGAGGGAAAGATGAAACGCACTTTGGAAAGAGAGTGAAACAGTACGTGAAATTGCTGAAAGGGAAACGCTTGAAGTCAGTCGCATCTGCCAGAACTCAGCCCTCTGTGGTGTACTTTCTGGTGGATGGGCCAGCATCACTTTTGGTCATTGGAAAAGGGCAGGGGAAAGTGGCACCTTCGGGTGTGTTATAGTCCCTTGTCGTATACAGTGGCTGGGAGTGAGGAATGCCTTTTTGCAGGATGCTGGCGTAATGGCTTTAAACGACCCGTCTTGAAACACGGACCAAGGAGTCTAACATGCCCGCGAGTGTTCGGGTGGAAAACCCGTGCGCGTAATGAAAGTGAAAGTTGGGAAGGCTGTCATGGCCTGCACCGACGCCCGGACCTGAGATTTATCGACGGTTCTGCGGTAGAGCGTGTATGTTGGGACCCGAAAGATGGTGAACTATGCCTGAATAGGGTGAAGCCAGAGGAAACTCTGGTGGAGGCTCGTAGCGATTCTGACGTGCAAATCGATCGTBAAATTTGGGTATAGGGGCGAAAGACTAATCGAACCATCTAGTTGTTG
